city,region,country,lat,lng
New York,New York,United States,40.7127753,-74.0059728
Philadelphia,Pennsylvania,United States,39.9525839,-75.1652215
Mountain View,California,United States,37.3860517,-122.0838511
Chicago,Illinois,United States,41.8781136,-87.6297982
Houston,Texas,United States,29.7604267,-95.3698028
Toronto,Ontario,Canada,43.653226,-79.3831843
Los Angeles,California,United States,34.0522342,-118.2436849
Brooklyn,New York,United States,40.6781784,-73.9441579
San Jose,California,United States,37.3382082,-121.8863286
Phoenix,Arizona,United States,33.4483771,-112.0740373
Denver,Colorado,United States,39.7392358,-104.990251
Seattle,Washington,United States,47.6062095,-122.3320708
San Francisco,California,United States,37.7749295,-122.4194155
,Texas,United States,31.9685988,-99.9018131
San Diego,California,United States,32.715738,-117.1610838
Orlando,Florida,United States,28.5383355,-81.3792365
Atlanta,Georgia,United States,33.7489954,-84.3879824
,Washington,United States,47.7510741,-120.7401385
Washington,District of Columbia,United States,38.9071923,-77.0368707
Austin,Texas,United States,30.267153,-97.7430608
Minneapolis,Minnesota,United States,44.977753,-93.2650108
Ashburn,Virginia,United States,39.0437567,-77.4874416
Las Vegas,Nevada,United States,36.1699412,-115.1398296
Portland,Oregon,United States,45.5230622,-122.6764815
Charlotte,North Carolina,United States,35.2270869,-80.8431267
Dallas,Texas,United States,32.7766642,-96.79698789999999
,California,United States,36.778261,-119.4179324
Hamilton,Ontario,Canada,43.2557206,-79.8711024
,Florida,United States,27.6648274,-81.5157535
Milan,Lombardia,Italy,45.4642035,9.189982
Miami,Florida,United States,25.7616798,-80.1917902
London,"London, City of",United Kingdom,51.5123443,-0.0909852
Calgary,Alberta,Canada,51.0486151,-114.0708459
Bangalore,Karnataka,India,12.9715987,77.5945627
Bronx,New York,United States,40.8447819,-73.8648268
Jersey City,New Jersey,United States,40.72815749999999,-74.0776417
Fremont,California,United States,37.5482697,-121.9885719
Kuala Lumpur,Kuala Lumpur,Malaysia,3.139003,101.686855
Tampa,Florida,United States,27.950575,-82.4571776
Mumbai,Maharashtra,India,19.0759837,72.8776559
San Antonio,Texas,United States,29.4241219,-98.49362819999999
Saint Louis,Missouri,United States,38.6270025,-90.19940419999999
Montréal,Quebec,Canada,45.5016889,-73.567256
Columbus,Ohio,United States,39.9611755,-82.99879419999999
,Illinois,United States,40.6331249,-89.3985283
Fort Lauderdale,Florida,United States,26.1224386,-80.13731740000001
Vancouver,British Columbia,Canada,49.2827291,-123.1207375
Saint Paul,Minnesota,United States,44.9537029,-93.0899578
Pittsburgh,Pennsylvania,United States,40.44062479999999,-79.9958864
Plano,Texas,United States,33.0198431,-96.6988856
Newburyport,Massachusetts,United States,42.8125913,-70.87727509999999
Tucson,Arizona,United States,32.2217429,-110.926479
Scottsdale,Arizona,United States,33.4941704,-111.9260519
Silver Spring,Maryland,United States,38.99066570000001,-77.026088
Bangkok,Krung Thep,Thailand,13.7563309,100.5017651
Höst,Nordrhein-Westfalen,Germany,51.5308428,7.032826399999999
Saint Petersburg,Saint Petersburg City,Russian Federation,59.9342802,30.3350986
Dubai,Dubai,United Arab Emirates,25.2048493,55.2707828
Irvine,California,United States,33.6845673,-117.8265049
Oakland,California,United States,37.8043637,-122.2711137
Raleigh,North Carolina,United States,35.7795897,-78.6381787
Cincinnati,Ohio,United States,39.1031182,-84.5120196
Omaha,Nebraska,United States,41.2523634,-95.99798829999999
Salt Lake City,Utah,United States,40.7607793,-111.8910474
Redmond,Washington,United States,47.6739881,-122.121512
Honolulu,Hawaii,United States,21.3069444,-157.8583333
Edmonton,Alberta,Canada,53.544389,-113.4909267
Naples,Florida,United States,26.1420358,-81.7948103
Mississauga,Ontario,Canada,43.5890452,-79.6441198
Jacksonville,Florida,United States,30.3321838,-81.65565099999999
Jakarta,Jakarta Raya,Indonesia,-6.2087634,106.845599
Hyderabad,Andhra Pradesh,India,17.385044,78.486671
Seoul,Seoul-t'ukpyolsi,"Korea, Republic of",37.566535,126.9779692
Alexandria,Virginia,United States,38.8048355,-77.0469214
Boston,Massachusetts,United States,42.3600825,-71.0588801
Richmond,Virginia,United States,37.5407246,-77.4360481
Sacramento,California,United States,38.5815719,-121.4943996
Indianapolis,Indiana,United States,39.768403,-86.158068
Taipei,T'ai-pei,Taiwan,25.0329694,121.5654177
Katy,Texas,United States,29.7857853,-95.8243956
Delhi,Delhi,India,28.7040592,77.10249019999999
Boydton,Virginia,United States,36.6676413,-78.38749779999999
Spring,Texas,United States,30.0799405,-95.41716009999999
Ottawa,Ontario,Canada,45.4215296,-75.69719309999999
Dublin,Dublin,Ireland,53.3498053,-6.2603097
Albuquerque,New Mexico,United States,35.0853336,-106.6055534
Cleveland,Ohio,United States,41.49932,-81.6943605
Colorado Springs,Colorado,United States,38.8338816,-104.8213634
Pune,Maharashtra,India,18.5204303,73.8567437
,Georgia,United States,32.1656221,-82.9000751
Louisville,Kentucky,United States,38.2526647,-85.7584557
Baltimore,Maryland,United States,39.2903848,-76.6121893
Littleton,Colorado,United States,39.613321,-105.0166498
Arlington,Virginia,United States,38.8816208,-77.09098089999999
Sydney,New South Wales,Australia,-33.8688197,151.2092955
Chennai,Tamil Nadu,India,13.0826802,80.2707184
Nashville,Tennessee,United States,36.1626638,-86.7816016
Hollywood,Florida,United States,26.0112014,-80.1494901
Alpharetta,Georgia,United States,34.0753762,-84.2940899
Boca Raton,Florida,United States,26.3683064,-80.1289321
Milwaukee,Wisconsin,United States,43.0389025,-87.9064736
Singapore,,Singapore,1.352083,103.819836
Central District,,Hong Kong,22.2799907,114.1587983
Pompano Beach,Florida,United States,26.2378597,-80.1247667
Tel Aviv,Tel Aviv,Israel,32.0852999,34.78176759999999
Hayward,California,United States,37.6688205,-122.0807964
Sarasota,Florida,United States,27.3364347,-82.53065269999999
Naperville,Illinois,United States,41.7508391,-88.1535352
Tokyo,Tokyo,Japan,35.7090259,139.7319925
West Palm Beach,Florida,United States,26.7153424,-80.0533746
Frisco,Texas,United States,33.1506744,-96.82361159999999
Auckland,Auckland,New Zealand,-36.8484597,174.7633315
San Mateo,California,United States,37.5629917,-122.3255254
Saint Petersburg,Florida,United States,27.7676008,-82.64029149999999
Buffalo,New York,United States,42.88644679999999,-78.8783689
Marietta,Georgia,United States,33.95260200000001,-84.5499327
West New York,New Jersey,United States,40.7878788,-74.0143064
Birmingham,Alabama,United States,33.5206608,-86.80248999999999
Scarborough,Ontario,Canada,43.7764258,-79.2317521
Lagos,Lagos,Nigeria,6.5243793,3.3792057
Cary,North Carolina,United States,35.79154,-78.7811169
Santa Clara,California,United States,37.3541079,-121.9552356
Paris,Ile-de-France,France,48.856614,2.3522219
Virginia Beach,Virginia,United States,36.8529263,-75.97798499999999
Fort Worth,Texas,United States,32.7554883,-97.3307658
Oklahoma City,Oklahoma,United States,35.4675602,-97.5164276
Fort Myers,Florida,United States,26.640628,-81.8723084
Overland Park,Kansas,United States,38.9822282,-94.6707917
Brampton,Ontario,Canada,43.7315479,-79.7624177
Rochester,New York,United States,43.16103,-77.6109219
Petaling Jaya,Selangor,Malaysia,3.1278871,101.5944885
Mesa,Arizona,United States,33.4151843,-111.8314724
Riverside,California,United States,33.9533487,-117.3961564
Winnipeg,Manitoba,Canada,49.895136,-97.13837439999999
Arlington,Texas,United States,32.735687,-97.10806559999999
Wilmington,Delaware,United States,39.7390721,-75.5397878
Norwalk,California,United States,33.9022367,-118.081733
Knoxville,Tennessee,United States,35.9606384,-83.9207392
Dayton,Ohio,United States,39.7589478,-84.1916069
Aurora,Colorado,United States,39.7294319,-104.8319195
Buena Park,California,United States,33.8674044,-117.9981387
Bellevue,Washington,United States,47.6101497,-122.2015159
Kansas City,Missouri,United States,39.0997265,-94.5785667
Sunnyvale,California,United States,37.36883,-122.0363496
Amsterdam,Noord-Holland,Netherlands,52.3702157,4.895167900000001
Cumming,Georgia,United States,34.2073196,-84.14019259999999
Madrid,Madrid,Spain,40.4167754,-3.7037902
Johannesburg,Gauteng,South Africa,-26.2041028,28.0473051
New Delhi,Delhi,India,28.6139391,77.2090212
Zurich,Zurich,Switzerland,47.3768866,8.541694
Madison,Wisconsin,United States,43.0730517,-89.4012302
Delray Beach,Florida,United States,26.4614625,-80.0728201
Bradenton,Florida,United States,27.4989278,-82.5748194
Chandler,Arizona,United States,33.3061605,-111.8412502
Memphis,Tennessee,United States,35.1495343,-90.0489801
Melbourne,Victoria,Australia,-37.8136276,144.9630576
Spokane,Washington,United States,47.6587802,-117.4260465
Boise,Idaho,United States,43.6187102,-116.2146068
Surrey,British Columbia,Canada,49.1044302,-122.801094
Richmond Hill,Ontario,Canada,43.8828401,-79.4402808
Riyadh,Ar Riyad,Saudi Arabia,24.7135517,46.6752957
Staten Island,New York,United States,40.5795317,-74.1502007
Detroit,Michigan,United States,42.331427,-83.0457538
Stamford,Connecticut,United States,41.0534302,-73.5387341
Reno,Nevada,United States,39.5296329,-119.8138027
Edison,New Jersey,United States,40.5187154,-74.4120953
Irving,Texas,United States,32.8140177,-96.9488945
Sugar Land,Texas,United States,29.6196787,-95.6349463
Henderson,Nevada,United States,36.0395247,-114.9817213
Newark,New Jersey,United States,40.735657,-74.1723667
Sao Paulo,Sao Paulo,Brazil,-23.5505199,-46.63330939999999
Vancouver,Washington,United States,45.6318397,-122.6716063
London,Ontario,Canada,42.9849233,-81.2452768
Long Beach,California,United States,33.7700504,-118.1937395
Newark,California,United States,37.5296593,-122.0402399
Cupertino,California,United States,37.3229978,-122.0321823
Tulsa,Oklahoma,United States,36.1539816,-95.99277500000001
Cypress,Texas,United States,29.9716905,-95.6937856
Middle River,Maryland,United States,39.3342744,-76.4394056
Fairfax,Virginia,United States,38.84622359999999,-77.30637329999999
Burnaby,British Columbia,Canada,49.2488091,-122.9805104
Gilbert,Arizona,United States,33.3528264,-111.789027
Oslo,Oslo,Norway,59.9138688,10.7522454
Palo Alto,California,United States,37.4418834,-122.1430195
Tacoma,Washington,United States,47.2528768,-122.4442906
Greensboro,North Carolina,United States,36.0726354,-79.7919754
Athens,Attiki,Greece,37.9838096,23.7275388
Grand Rapids,Michigan,United States,42.9633599,-85.6680863
Tempe,Arizona,United States,33.4255104,-111.9400054
Fort Collins,Colorado,United States,40.5852602,-105.084423
Durham,North Carolina,United States,35.9940329,-78.898619
Herndon,Virginia,United States,38.9695545,-77.3860976
Markham,Ontario,Canada,43.8561002,-79.3370188
Wichita,Kansas,United States,37.68717609999999,-97.33005299999999
Potomac,Maryland,United States,39.0181651,-77.2085914
Cape Town,Western Cape,South Africa,-33.9248685,18.4240553
Ann Arbor,Michigan,United States,42.2808256,-83.7430378
New Orleans,Louisiana,United States,29.95106579999999,-90.0715323
Ho Chi Minh City,Ho Chi Minh,Vietnam,10.8230989,106.6296638
Kolkata,West Bengal,India,22.572646,88.36389500000001
Istanbul,Istanbul,Turkey,41.0082376,28.9783589
Lexington,Kentucky,United States,38.0405837,-84.5037164
Karachi,Sindh,Pakistan,25.0700428,67.2847875
Victoria,British Columbia,Canada,48.4284207,-123.3656444
Mexico,Distrito Federal,Mexico,19.4326077,-99.133208
Marina Del Rey,California,United States,33.9802893,-118.4517449
Shanghai,Shanghai,China,31.2303904,121.4737021
Hyattsville,Maryland,United States,38.9559442,-76.9455301
Copenhagen,Hovedstaden,Denmark,55.6760968,12.5683372
Walnut Creek,California,United States,37.9100783,-122.0651819
Miami Beach,Florida,United States,25.790654,-80.1300455
Huntington Beach,California,United States,33.6594835,-117.9988026
Corona,California,United States,33.8752935,-117.5664384
Rockville,Maryland,United States,39.0839973,-77.1527578
Ahmedabad,Gujarat,India,23.022505,72.5713621
Beijing,Beijing,China,39.90419989999999,116.4073963
Kirkland,Washington,United States,47.6768927,-122.2059833
Centreville,Virginia,United States,38.8403909,-77.42887689999999
Piscataway,New Jersey,United States,40.554887,-74.4642861
Hanoi,Ha Noi,Vietnam,21.0277644,105.8341598
Oakville,Ontario,Canada,43.467517,-79.6876659
San Ramon,California,United States,37.7799273,-121.9780153
Moscow,Moscow City,Russian Federation,55.755826,37.6172999
Roswell,Georgia,United States,34.0232431,-84.3615555
Mckinney,Texas,United States,33.1972465,-96.6397822
Farmington,Michigan,United States,42.4644795,-83.37632180000001
Pleasanton,California,United States,37.6624312,-121.8746789
Brisbane,Queensland,Australia,-27.4697707,153.0251235
Brussels,Brussels Hoofdstedelijk Gewest,Belgium,50.8503463,4.3517211
Tallahassee,Florida,United States,30.4382559,-84.28073289999999
Santa Barbara,California,United States,34.4208305,-119.6981901
Boynton Beach,Florida,United States,26.5317866,-80.0905465
Yokohama,Kanagawa,Japan,35.4437078,139.6380256
Wilmington,North Carolina,United States,34.2257255,-77.9447102
Palm Beach Gardens,Florida,United States,26.8233946,-80.13865469999999
Anchorage,Alaska,United States,61.2180556,-149.9002778
Astoria,New York,United States,40.7643574,-73.92346189999999
Burlington,Ontario,Canada,43.3255196,-79.7990319
Boulder,Colorado,United States,40.0149856,-105.2705456
Rochester,Michigan,United States,42.680588,-83.1338214
Carlsbad,California,United States,33.1580933,-117.3505939
Dhaka,Dhaka,Bangladesh,23.810332,90.4125181
Baton Rouge,Louisiana,United States,30.4582829,-91.1403196
Menlo Park,California,United States,37.4529598,-122.1817252
Eugene,Oregon,United States,44.0520691,-123.0867536
Des Moines,Iowa,United States,41.6005448,-93.6091064
Gaithersburg,Maryland,United States,39.1434406,-77.2013705
Woodbridge,Virginia,United States,38.6581722,-77.2497049
Charlottesville,Virginia,United States,38.0293059,-78.47667810000002
Jupiter,Florida,United States,26.9342246,-80.0942087
Charleston,South Carolina,United States,32.7764749,-79.93105120000001
Beirut,Beyrouth,Lebanon,33.8937913,35.5017767
Paddington,Westminster,United Kingdom,51.515973,-0.174943
Cambridge,Massachusetts,United States,42.3736158,-71.10973349999999
Cape Coral,Florida,United States,26.5628537,-81.9495331
West Chester,Pennsylvania,United States,39.9606643,-75.6054882
Berlin,Berlin,Germany,52.52000659999999,13.404954
Norristown,Pennsylvania,United States,40.121497,-75.3399048
Federal Way,Washington,United States,47.3223221,-122.3126222
Santa Monica,California,United States,34.0194543,-118.4911912
Flushing,New York,United States,40.7674987,-73.833079
Windsor,Ontario,Canada,42.3149367,-83.03636329999999
Beaverton,Oregon,United States,45.48706199999999,-122.8037102
Bucharest,Bucuresti,Romania,44.4267674,26.1025384
Concord,North Carolina,United States,35.4087517,-80.579511
Doha,Ad Dawhah,Qatar,25.2854473,51.53103979999999
Providence,Rhode Island,United States,41.8239891,-71.4128343
Schenectady,New York,United States,42.8142432,-73.9395687
Carmel,Indiana,United States,39.978371,-86.1180435
Perth,Western Australia,Australia,-31.9505269,115.8604572
Peoria,Arizona,United States,33.5805955,-112.2373779
Lincoln,Nebraska,United States,40.8257625,-96.6851982
Forest Hills,New York,United States,40.718106,-73.8448469
Dublin,California,United States,37.7021521,-121.9357918
Edmond,Oklahoma,United States,35.6528323,-97.47809540000002
Apex,North Carolina,United States,35.732652,-78.85028559999999
Abu Dhabi,Abu Dhabi,United Arab Emirates,24.453884,54.3773438
Bothell,Washington,United States,47.76095,-122.2055884
Trenton,New Jersey,United States,40.2170534,-74.7429384
Saint Augustine,Florida,United States,29.9012437,-81.31243409999999
Fort Wayne,Indiana,United States,41.079273,-85.1393513
Vienna,Virginia,United States,38.9012225,-77.2652604
Columbia,South Carolina,United States,34.0007104,-81.0348144
Gainesville,Florida,United States,29.6516344,-82.32482619999999
Allen,Texas,United States,33.1031744,-96.67055030000002
Dundee,Michigan,United States,41.9572676,-83.6596596
Riverton,Utah,United States,40.521893,-111.9391023
Mount Pleasant,South Carolina,United States,32.8323225,-79.82842579999999
Hoboken,New Jersey,United States,40.7439905,-74.0323626
Anaheim,California,United States,33.8365932,-117.9143012
Bethesda,Maryland,United States,38.984652,-77.0947092
Stockholm,Stockholms Lan,Sweden,59.32932349999999,18.0685808
Hillsborough,New Jersey,United States,40.5106322,-74.6472522
Newport Beach,California,United States,33.6188829,-117.9298493
Reston,Virginia,United States,38.9586307,-77.35700279999999
Ellicott City,Maryland,United States,39.2673283,-76.7983067
Fresno,California,United States,36.7468422,-119.7725868
Germantown,Maryland,United States,39.1731621,-77.2716502
Troy,Michigan,United States,42.6064095,-83.1497751
Lahore,Punjab,Pakistan,31.5203696,74.35874729999999
Norfolk,Virginia,United States,36.8507689,-76.28587259999999
Lancaster,Pennsylvania,United States,40.0378755,-76.3055144
Vienna,Wien,Austria,48.2081743,16.3738189
Bakersfield,California,United States,35.3732921,-119.0187125
Syracuse,New York,United States,43.0481221,-76.14742439999999
Ballwin,Missouri,United States,38.5950532,-90.54623389999999
Akron,Ohio,United States,41.0814447,-81.51900529999999
Milpitas,California,United States,37.4323341,-121.8995741
Coquitlam,British Columbia,Canada,49.2837626,-122.7932065
Glendale,California,United States,34.1425078,-118.255075
Lawrenceville,Georgia,United States,33.9562149,-83.9879625
Hialeah,Florida,United States,25.8575963,-80.2781057
Framingham,Massachusetts,United States,42.279286,-71.4161565
Mclean,Virginia,United States,38.9338676,-77.1772604
East Brunswick,New Jersey,United States,40.4316955,-74.4049778
Pasadena,California,United States,34.1477849,-118.1445155
El Paso,Texas,United States,31.7618778,-106.4850217
Norcross,Georgia,United States,33.9412127,-84.2135309
North York,Ontario,Canada,43.7615377,-79.41107939999999
Allentown,Pennsylvania,United States,40.6084305,-75.4901833
Parker,Colorado,United States,39.5186002,-104.7613633
Jeddah,Makkah,Saudi Arabia,21.2854067,39.2375507
Albany,New York,United States,42.6525793,-73.7562317
Stockton,California,United States,37.9577016,-121.2907796
Renton,Washington,United States,47.48287759999999,-122.2170661
Royal Oak,Michigan,United States,42.4894801,-83.1446485
Lakeland,Florida,United States,28.0394654,-81.9498042
Keller,Texas,United States,32.9341893,-97.229298
Plymouth,Minnesota,United States,45.0105194,-93.4555093
Kissimmee,Florida,United States,28.2919557,-81.40757099999999
Kenosha,Wisconsin,United States,42.5847425,-87.82118539999999
Torrance,California,United States,33.8358492,-118.3406288
Vero Beach,Florida,United States,27.6386434,-80.39727359999999
Olympia,Washington,United States,47.0378741,-122.9006951
Richmond,British Columbia,Canada,49.1665898,-123.133569
Springfield,Missouri,United States,37.2089572,-93.29229889999999
Humble,Texas,United States,29.99883119999999,-95.26215529999999
Laval,Quebec,Canada,45.6066487,-73.712409
Franklin,Tennessee,United States,35.9250637,-86.8688899
White Plains,New York,United States,41.03398620000001,-73.7629097
Lady Lake,Florida,United States,28.9174855,-81.92286039999999
Thornhill,Ontario,Canada,43.8079675,-79.4591378
Halifax,Nova Scotia,Canada,44.64876350000001,-63.5752387
Kitchener,Ontario,Canada,43.450301,-80.48319169999999
Chapel Hill,North Carolina,United States,35.9131996,-79.0558445
Roseville,California,United States,38.7521235,-121.2880059
Pretoria,Gauteng,South Africa,-25.7478676,28.2292712
Lake Worth,Florida,United States,26.6167555,-80.0684479
Garland,Texas,United States,32.912624,-96.63888329999999
Schaumburg,Illinois,United States,42.0333607,-88.0834059
Dublin,Ohio,United States,40.0992294,-83.1140771
Quezon City,Quezon City,Philippines,14.6760413,121.0437003
Helsinki,Southern Finland,Finland,60.16985569999999,24.9383791
Sterling,Virginia,United States,39.0066993,-77.4291298
Morristown,New Jersey,United States,40.79676670000001,-74.4815438
Mission Viejo,California,United States,33.5968913,-117.6581562
Redwood City,California,United States,37.48521520000001,-122.2363548
Little Rock,Arkansas,United States,34.7464809,-92.28959479999999
Richmond,Texas,United States,29.5821811,-95.76078319999999
Broomfield,Colorado,United States,39.9205411,-105.0866504
Myrtle Beach,South Carolina,United States,33.6890603,-78.8866943
Norwalk,Connecticut,United States,41.11774399999999,-73.4081575
Savannah,Georgia,United States,32.0835407,-81.09983419999999
Greenville,South Carolina,United States,34.85261759999999,-82.3940104
Prague,Hlavni mesto Praha,Czech Republic,50.0755381,14.4378005
Fayetteville,North Carolina,United States,35.0526641,-78.87835849999999
Palatine,Illinois,United States,42.1103041,-88.03424000000001
Cairo,Al Qahirah,Egypt,30.0444196,31.2357116
Aurora,Illinois,United States,41.7605849,-88.32007150000001
Huntsville,Alabama,United States,34.7303688,-86.5861037
Englewood,Colorado,United States,39.6477653,-104.9877597
Springfield,Virginia,United States,38.7892801,-77.18720359999999
Doylestown,Pennsylvania,United States,40.3101063,-75.1298939
Arvada,Colorado,United States,39.8027644,-105.0874842
Northridge,California,United States,34.2381251,-118.530123
Elk Grove,California,United States,38.4087993,-121.3716178
Carrollton,Texas,United States,32.9756415,-96.8899636
Leesburg,Virginia,United States,39.1156615,-77.56360149999999
Reading,Pennsylvania,United States,40.3356483,-75.9268747
Orange,California,United States,33.7879139,-117.8531007
Palm Desert,California,United States,33.7222445,-116.3744556
Falls Church,Virginia,United States,38.88233400000001,-77.1710914
Melbourne,Florida,United States,28.0836269,-80.60810889999999
Laguna Niguel,California,United States,33.5236744,-117.7149438
Santa Ana,California,United States,33.7454725,-117.867653
Olathe,Kansas,United States,38.8813958,-94.81912849999999
Fredericksburg,Virginia,United States,38.3031837,-77.4605399
Round Rock,Texas,United States,30.5082551,-97.678896
Ocala,Florida,United States,29.1871986,-82.14009229999999
Bridgewater,New Jersey,United States,40.5939636,-74.6049061
Richardson,Texas,United States,32.9483335,-96.7298519
Waltham,Massachusetts,United States,42.3764852,-71.2356113
Phnom Penh,Phnum Penh,Cambodia,11.5448729,104.8921668
Columbia,Maryland,United States,39.2037144,-76.86104619999999
Asheville,North Carolina,United States,35.5950581,-82.5514869
Durban,KwaZulu-Natal,South Africa,-29.85868039999999,31.0218404
Redondo Beach,California,United States,33.8491816,-118.3884078
Bend,Oregon,United States,44.0581728,-121.3153096
Laurel,Maryland,United States,39.0992752,-76.8483061
Oceanside,California,United States,33.1958696,-117.3794834
Fishers,Indiana,United States,39.9567548,-86.01335
Munich,Bayern,Germany,48.1351253,11.5819805
Westfield,New Jersey,United States,40.6589912,-74.3473717
Flower Mound,Texas,United States,33.0145673,-97.0969552
Midlothian,Virginia,United States,37.5061069,-77.6490005
Scarsdale,New York,United States,41.0050977,-73.7845768
Costa Mesa,California,United States,33.6412156,-117.9188221
San Clemente,California,United States,33.4273521,-117.6126004
North Vancouver,British Columbia,Canada,49.3199816,-123.0724139
Santa Cruz,California,United States,36.9741171,-122.0307963
Concord,California,United States,37.9779776,-122.0310733
Woodland Hills,California,United States,34.165357,-118.6089752
Manchester,Manchester,United Kingdom,53.4807593,-2.2426305
Pearland,Texas,United States,29.5635666,-95.2860474
Sammamish,Washington,United States,47.61626829999999,-122.0355736
Williamsburg,Virginia,United States,37.2707022,-76.7074571
Berkeley,California,United States,37.8715926,-122.272747
Bonita Springs,Florida,United States,26.339806,-81.7786972
Everett,Washington,United States,47.9789848,-122.2020795
Port Saint Lucie,Florida,United States,27.2730492,-80.3582261
Bayside,New York,United States,40.7585569,-73.7654367
Missouri City,Texas,United States,29.6185669,-95.5377215
Boardman,Oregon,United States,45.83985500000001,-119.7005834
Nashua,New Hampshire,United States,42.7653662,-71.46756599999999
Kent,Washington,United States,47.3809335,-122.2348432
Fairfield,Connecticut,United States,41.1408363,-73.2612615
Chantilly,Virginia,United States,38.8942786,-77.43109919999999
Warsaw,Mazowieckie,Poland,52.2296756,21.0122287
Budapest,Budapest,Hungary,47.497912,19.040235
Lansdale,Pennsylvania,United States,40.2414952,-75.2837862
Kingston,Saint Andrew,Jamaica,18.0178743,-76.8099041
Stone Mountain,Georgia,United States,33.8081608,-84.17019599999999
Canton,Michigan,United States,42.3086444,-83.48211599999999
Barcelona,Catalonia,Spain,41.3850639,2.1734035
Castle Rock,Colorado,United States,39.3722121,-104.8560902
Noida,Uttar Pradesh,India,28.5355161,77.3910265
Newark,Delaware,United States,39.6837226,-75.74965720000002
Chattanooga,Tennessee,United States,35.0456297,-85.3096801
Lake Zurich,Illinois,United States,42.19696889999999,-88.0934108
Palm Harbor,Florida,United States,28.0780718,-82.7637127
Wake Forest,North Carolina,United States,35.9798734,-78.50972279999999
Clearwater,Florida,United States,27.9658533,-82.8001026
Monroe Township,New Jersey,United States,40.336419,-74.43304739999999
Cedar Rapids,Iowa,United States,41.9778795,-91.6656232
Santa Fe,New Mexico,United States,35.6869752,-105.937799
Duluth,Georgia,United States,34.0028786,-84.1446376
Chesapeake,Virginia,United States,36.7682088,-76.2874927
Sioux Falls,South Dakota,United States,43.5445959,-96.73110340000001
Glendale,Arizona,United States,33.5386523,-112.1859866
North Hollywood,California,United States,34.187044,-118.3812562
Etobicoke,Ontario,Canada,43.6204946,-79.5131983
Pittsburg,California,United States,38.0279762,-121.8846806
Brentwood,Tennessee,United States,36.0331164,-86.78277720000001
Folsom,California,United States,38.6779591,-121.1760583
Salem,Oregon,United States,44.9428975,-123.0350963
Ridgewood,New Jersey,United States,40.9792645,-74.11653129999999
Summit,New Jersey,United States,40.7146376,-74.3646122
Saskatoon,Saskatchewan,Canada,52.1332144,-106.6700458
Winston Salem,North Carolina,United States,36.09985959999999,-80.244216
Appleton,Wisconsin,United States,44.2619309,-88.41538469999999
Coppell,Texas,United States,32.9545687,-97.01500779999999
Frederick,Maryland,United States,39.41426879999999,-77.4105409
Regina,Saskatchewan,Canada,50.4452112,-104.6188943
Pensacola,Florida,United States,30.42130899999999,-87.2169149
Princeton Junction,New Jersey,United States,40.3173301,-74.61987909999999
Decatur,Georgia,United States,33.7748275,-84.2963123
Palm Coast,Florida,United States,29.5844524,-81.20786989999999
Wheaton,Illinois,United States,41.8661403,-88.1070127
n/a,n/a,n/a,-22.95764,18.49041
York,Pennsylvania,United States,39.9625984,-76.727745
Wolfgang,Hessen,Germany,50.11920680000001,8.9598657
Novi,Michigan,United States,42.48059,-83.4754913
Mooresville,North Carolina,United States,35.5848596,-80.8100724
Alameda,California,United States,37.7652065,-122.2416355
Quincy,Massachusetts,United States,42.2528772,-71.0022705
Toledo,Ohio,United States,41.6639383,-83.55521200000001
Montebello,California,United States,34.0165053,-118.1137535
Middletown,Connecticut,United States,41.5623209,-72.6506488
Lansing,Michigan,United States,42.732535,-84.5555347
Harrisburg,Pennsylvania,United States,40.2731911,-76.8867008
Worcester,Massachusetts,United States,42.2625932,-71.8022934
Bangkok,Khon Kaen,Thailand,13.6899991,100.7501124
Warren,New Jersey,United States,40.6342489,-74.50047959999999
Sofia,Grad Sofiya,Bulgaria,42.6977082,23.3218675
Evanston,Illinois,United States,42.0450722,-87.68769689999999
Lisbon,Lisboa,Portugal,38.7222524,-9.1393366
Venice,Florida,United States,27.0997775,-82.4542632
Peoria,Illinois,United States,40.6936488,-89.5889864
Somerville,Massachusetts,United States,42.3875968,-71.0994968
Rockford,Illinois,United States,42.2711311,-89.0939952
Mcminnville,Oregon,United States,45.21011619999999,-123.1987163
Princeton,New Jersey,United States,40.3572976,-74.6672226
Rochester,Minnesota,United States,44.0121221,-92.4801989
Newington,Connecticut,United States,41.6972996,-72.7228293
West Hartford,Connecticut,United States,41.7620842,-72.7420151
Burbank,California,United States,34.1808392,-118.3089661
Southfield,Michigan,United States,42.4733688,-83.2218731
Yonkers,New York,United States,40.9312099,-73.89874689999999
Morrisville,North Carolina,United States,35.823483,-78.8255621
Malvern,Pennsylvania,United States,40.0362184,-75.5138118
Arlington Heights,Illinois,United States,42.0883603,-87.98062650000001
Northbrook,Illinois,United States,42.1275267,-87.82895479999999
Thousand Oaks,California,United States,34.1705609,-118.8375937
San Leandro,California,United States,37.7249296,-122.1560768
Hartford,Connecticut,United States,41.76371109999999,-72.6850932
Manchester,Connecticut,United States,41.7759301,-72.52150089999999
Livonia,Michigan,United States,42.36837,-83.35270969999999
Annapolis,Maryland,United States,38.9784453,-76.4921829
Bethlehem,Pennsylvania,United States,40.6259316,-75.37045789999999
Roanoke,Virginia,United States,37.2709704,-79.9414266
Greenwich,Connecticut,United States,41.0262417,-73.6281964
Jackson Heights,New York,United States,40.7556818,-73.8830701
Columbia,Missouri,United States,38.9517053,-92.3340724
Newport News,Virginia,United States,37.0870821,-76.4730122
Orange Park,Florida,United States,30.1660736,-81.706484
Santa Rosa,California,United States,38.440429,-122.7140548
Warren,Michigan,United States,42.5144566,-83.01465259999999
Bellingham,Washington,United States,48.7519112,-122.4786854
Chesterfield,Missouri,United States,38.6631083,-90.5770675
Westport,Connecticut,United States,41.1414717,-73.3579049
Longmont,Colorado,United States,40.1672068,-105.1019275
Fargo,North Dakota,United States,46.8771863,-96.7898034
Smyrna,Georgia,United States,33.8839926,-84.51437609999999
Coral Gables,Florida,United States,25.72149,-80.2683838
Modesto,California,United States,37.63909719999999,-120.9968782
Pierrefonds,Quebec,Canada,45.4610142,-73.89036
Dollard-des-ormeaux,Quebec,Canada,45.4895636,-73.8205567
Beaconsfield,Quebec,Canada,45.4309308,-73.86828349999999
Dorval,Quebec,Canada,45.4503213,-73.7500486
Pointe-claire,Quebec,Canada,45.4719655,-73.7990191
Vaudreuil,Quebec,Canada,45.404236,-74.03795989999999
Québec,Quebec,Canada,46.8138783,-71.2079809
Saint-laurent,Quebec,Canada,45.4985638,-73.74975669999999
Verdun,Quebec,Canada,45.4548269,-73.5698729
Kirkland,Quebec,Canada,45.4560415,-73.8623337
Lasalle,Quebec,Canada,45.4306269,-73.6348015
Lachine,Quebec,Canada,45.441347,-73.68858469999999
Longueuil,Quebec,Canada,45.5369442,-73.51071309999999
Brossard,Quebec,Canada,45.4514357,-73.4619103
Gatineau,Quebec,Canada,45.4765446,-75.7012723
Châteauguay,Quebec,Canada,45.36015889999999,-73.74940330000001
Kingston,Ontario,Canada,44.2311717,-76.4859544
Cornwall,Ontario,Canada,45.0212762,-74.730345
St. John's,Newfoundland,Canada,47.5615096,-52.7125768
Westmount,Quebec,Canada,45.48571889999999,-73.59569929999999
Dartmouth,Nova Scotia,Canada,44.6652059,-63.5677427
Candiac,Quebec,Canada,45.3839341,-73.517445
Fredericton,New Brunswick,Canada,45.9635895,-66.6431151
Moncton,New Brunswick,Canada,46.0878165,-64.7782313
Sherbrooke,Quebec,Canada,45.4009928,-71.8824288
Saint John,New Brunswick,Canada,45.2733153,-66.06330799999999
Guelph,Ontario,Canada,43.5448048,-80.24816659999999
Saint-lambert,Quebec,Canada,45.4920344,-73.50417519999999
Oshawa,Ontario,Canada,43.8970929,-78.86579119999999
Deerfield Beach,Florida,United States,26.3184123,-80.09976569999999
Sudbury,Ontario,Canada,46.522099,-80.9530353
Blainville,Quebec,Canada,45.6688961,-73.8728751
Charlottetown,Prince Edward Island,Canada,46.23824,-63.13107040000001
Barrie,Ontario,Canada,44.38935559999999,-79.6903316
Lethbridge,Alberta,Canada,49.69349,-112.84184
Waterloo,Ontario,Canada,43.4642578,-80.5204096
Kelowna,British Columbia,Canada,49.8879519,-119.4960106
Orleans,Ontario,Canada,45.4558019,-75.5047333
Peterborough,Ontario,Canada,44.309058,-78.31974699999999
Cambridge,Ontario,Canada,43.3616211,-80.3144276
Thunder Bay,Ontario,Canada,48.3808951,-89.2476823
Kanata,Ontario,Canada,45.3088185,-75.89868349999999
Sydney,Nova Scotia,Canada,46.1367899,-60.19422399999999
Boucherville,Quebec,Canada,45.5913698,-73.4364097
Vaudreuil-dorion,Quebec,Canada,45.404236,-74.03795989999999
Saint Catharines,Ontario,Canada,43.1593745,-79.2468626
Roxboro,Quebec,Canada,45.5052645,-73.80330359999999
Pincourt,Quebec,Canada,45.366389,-73.98462119999999
Saint-sauveur,Quebec,Canada,45.8940717,-74.157934
New Westminster,British Columbia,Canada,49.2057179,-122.910956
Sherwood Park,Alberta,Canada,53.5412083,-113.2957365
Saint Albert,Alberta,Canada,53.6304753,-113.625642
Spruce Grove,Alberta,Canada,53.5427846,-113.9033673
Red Deer,Alberta,Canada,52.2681118,-113.8112386
Leduc,Alberta,Canada,53.2580126,-113.5502218
Grande Prairie,Alberta,Canada,55.1699396,-118.7986152
Fort Saskatchewan,Alberta,Canada,53.7007157,-113.2094659
Camrose,Alberta,Canada,53.0222045,-112.8285983
Beaumont,Alberta,Canada,53.3524256,-113.4153735
Wetaskiwin,Alberta,Canada,52.9695353,-113.3772453
Fort Mcmurray,Alberta,Canada,56.72637959999999,-111.3803407
Stony Plain,Alberta,Canada,53.5279314,-114.001928
Lloydminster,Alberta,Canada,53.2779625,-110.0061451
Airdrie,Alberta,Canada,51.2917005,-114.0143635
Yuma,Arizona,United States,32.6926512,-114.6276916
Peace River,Alberta,Canada,56.2341823,-117.2893839
Nanaimo,British Columbia,Canada,49.1658836,-123.9400648
Saint Paul,Alberta,Canada,53.9911164,-111.2953051
Whitecourt,Alberta,Canada,54.1424043,-115.6849812
Medicine Hat,Alberta,Canada,50.0405486,-110.6764257
Vegreville,Alberta,Canada,53.5051735,-112.0621386
Puerto Vallarta,Jalisco,Mexico,20.653407,-105.2253316
Sturgeon County,Alberta,Canada,53.8661632,-113.7619947
Devon,Alberta,Canada,53.3613826,-113.7263575
Parksville,British Columbia,Canada,49.3193375,-124.3136411
Kihei,Hawaii,United States,20.7644275,-156.4450063
Hinton,Alberta,Canada,53.4037088,-117.5718423
Drayton Valley,Alberta,Canada,53.2214074,-114.9766785
Westlock,Alberta,Canada,54.1521565,-113.851419
Indio,California,United States,33.7205771,-116.2155619
Cold Lake,Alberta,Canada,54.4643173,-110.1731468
Lacombe,Alberta,Canada,52.4630512,-113.7286241
Lac La Biche,Alberta,Canada,54.7696415,-111.972514
Morinville,Alberta,Canada,53.79250649999999,-113.6463436
Bonnyville,Alberta,Canada,54.2681766,-110.7200371
Kamloops,British Columbia,Canada,50.674522,-120.3272675
Vernon,British Columbia,Canada,50.2670137,-119.2720107
Westbank,British Columbia,Canada,49.8313652,-119.6281931
Penticton,British Columbia,Canada,49.4991381,-119.5937077
Canmore,Alberta,Canada,51.0892428,-115.3597129
Okotoks,Alberta,Canada,50.7254936,-113.9749472
Athabasca,Alberta,Canada,54.72140940000001,-113.2861822
Ardrossan,Alberta,Canada,53.551606,-113.142839
Duncan,British Columbia,Canada,48.7786908,-123.7079417
Millet,Alberta,Canada,53.09208169999999,-113.4702831
Hobbema,Alberta,Canada,52.834432,-113.447207
Barrhead,Alberta,Canada,54.1230722,-114.4016742
Edson,Alberta,Canada,53.5855087,-116.4428615
Courtenay,British Columbia,Canada,49.6841391,-124.9904494
Slave Lake,Alberta,Canada,55.2866833,-114.7711184
Chilliwack,British Columbia,Canada,49.1579401,-121.9514666
Wainwright,Alberta,Canada,52.83307,-110.8504696
Rocky Mountain House,Alberta,Canada,52.37934320000001,-114.9182883
Daytona Beach,Florida,United States,29.2108147,-81.0228331
Ormond Beach,Florida,United States,29.2858129,-81.0558894
Port Orange,Florida,United States,29.1383165,-80.9956105
Deland,Florida,United States,29.028318,-81.3031179
New Smyrna Beach,Florida,United States,29.0258191,-80.9269984
Deltona,Florida,United States,28.9005446,-81.26367379999999
Edgewater,Florida,United States,28.9888754,-80.9022758
Orange City,Florida,United States,28.9488761,-81.2986741
Porto,Porto,Portugal,41.1579438,-8.629105299999999
Sanford,Florida,United States,28.8028612,-81.269453
Apopka,Florida,United States,28.6934076,-81.5322149
Longwood,Florida,United States,28.7030519,-81.3384011
Altamonte Springs,Florida,United States,28.6611089,-81.3656242
Debary,Florida,United States,28.8713443,-81.32893969999999
Winter Park,Florida,United States,28.5999998,-81.33923519999999
Lake Mary,Florida,United States,28.7588833,-81.3178446
Kenmore,Washington,United States,47.7583576,-122.2496863
Oviedo,Florida,United States,28.669997,-81.20812029999999
Winter Springs,Florida,United States,28.6988853,-81.30812259999999
East Hartford,Connecticut,United States,41.7634219,-72.6128339
Titusville,Florida,United States,28.6122187,-80.8075537
Winter Garden,Florida,United States,28.5652787,-81.58618469999999
Ocoee,Florida,United States,28.5691677,-81.5439619
Flagler Beach,Florida,United States,29.4749754,-81.1270035
Waterbury,Connecticut,United States,41.5581525,-73.0514965
Mount Dora,Florida,United States,28.8024918,-81.644519
Maitland,Florida,United States,28.6277767,-81.36312439999999
Casselberry,Florida,United States,28.677775,-81.3278455
Leesburg,Florida,United States,28.810823,-81.87785819999999
Palatka,Florida,United States,29.6485801,-81.6375819
Sorrento,Florida,United States,28.80777,-81.56368379999999
Brandon,Florida,United States,27.937801,-82.2859247
Palm Bay,Florida,United States,28.0344621,-80.5886646
Saint Cloud,Florida,United States,28.2489016,-81.2811801
Espoo,Southern Finland,Finland,60.2054911,24.6559
Marlow,Buckinghamshire,United Kingdom,51.5719443,-0.7769421999999999
Izmir,Izmir,Turkey,38.423734,27.142826
Williamson,Georgia,United States,33.1823419,-84.3615902
Gurgaon,Haryana,India,28.4594965,77.0266383
Columbus,Georgia,United States,32.4609764,-84.9877094
Hurricane,West Virginia,United States,38.4325896,-82.0201368
Kiev,Kyyiv,Ukraine,50.4501,30.5234
Absecon,New Jersey,United States,39.4284503,-74.4957076
Fernley,Nevada,United States,39.6079683,-119.2518349
Kaunas,Kauno Apskritis,Lithuania,54.8985207,23.9035965
Fort Hancock,Texas,United States,31.2914585,-105.860307
Hong Kong,,Hong Kong,22.396428,114.109497
Incheon,Inch'on-jikhalsi,"Korea, Republic of",37.4594575,126.6256454
Roseville,New South Wales,Australia,-33.78903,151.17119
Busan,Pusan-jikhalsi,"Korea, Republic of",35.1795543,129.0756416
Ossining,New York,United States,41.1628731,-73.8615246
Brookfield,Wisconsin,United States,43.0605671,-88.1064787
Macau,Ilhas,Macau,22.1997222,113.5463889
San Luis Obispo,California,United States,35.2827524,-120.6596156
Saint Clair,Missouri,United States,38.3475584,-90.9834027
Stuttgart,Baden-Wurttemberg,Germany,48.7758459,9.1829321
Guangzhou,Guangdong,China,23.12911,113.264385
Rome,Lazio,Italy,41.9027835,12.4963655
Williamsport,Pennsylvania,United States,41.2411897,-77.00107860000001
State College,Pennsylvania,United States,40.7933949,-77.8600012
Santiago,Region Metropolitana,Chile,-33.4375545,-70.6504896
Spartanburg,South Carolina,United States,34.9495672,-81.9320482
Belleville,Illinois,United States,38.5200504,-89.9839935
College Station,Texas,United States,30.627977,-96.3344068
Islamabad,Islamabad,Pakistan,33.6844202,73.04788479999999
Daejeon,Taejon-jikhalsi,"Korea, Republic of",36.3504119,127.3845475
Noranda,Quebec,Canada,48.2342362,-79.01878359999999
Louisville,Colorado,United States,39.977763,-105.1319296
Lima,Lima,Peru,-12.0463731,-77.042754
Shah Alam,Selangor,Malaysia,3.073281,101.518461
Van Nuys,California,United States,34.1898566,-118.451357
Mount Laurel,New Jersey,United States,39.934002,-74.89099879999999
Gaylord,Michigan,United States,45.0275126,-84.6747523
Thane,Maharashtra,India,19.2183307,72.9780897
Frankfurt Am Main,Hessen,Germany,50.1109221,8.6821267
Alhambra,California,United States,34.095287,-118.1270146
Dover,New Hampshire,United States,43.1978624,-70.8736698
Nairobi,Nairobi Area,Kenya,-1.2915364,36.8457361
Birmingham,Birmingham,United Kingdom,52.48624299999999,-1.890401
Montgomery,Alabama,United States,32.3668052,-86.2999689
Bogota,Distrito Especial,Colombia,4.710988599999999,-74.072092
Nederland,Texas,United States,29.9743803,-93.9923965
Lexington,South Carolina,United States,33.9815369,-81.2362107
Kaiserslautern,Rheinland-Pfalz,Germany,49.4400657,7.7491265
Jackson,Georgia,United States,33.2945651,-83.96602089999999
Mississippi State,Mississippi,United States,33.4555279,-88.7903868
Shenzhen,Guangdong,China,22.543096,114.057865
Gdansk,Pomorskie,Poland,54.35202520000001,18.6466384
Athens,Georgia,United States,33.9519347,-83.357567
Leeds,Leeds,United Kingdom,53.8007554,-1.5490774
Seongnam,Kyonggi-do,"Korea, Republic of",37.4449168,127.1388684
Rotterdam,Zuid-Holland,Netherlands,51.9244201,4.4777326
Richfield,Utah,United States,38.7724673,-112.0840943
Manila,Manila,Philippines,14.5995124,120.9842195
Snellville,Georgia,United States,33.857328,-84.0199108
Shakopee,Minnesota,United States,44.7973962,-93.5272861
Holland,Michigan,United States,42.7875235,-86.1089301
Suwon,Kyonggi-do,"Korea, Republic of",37.2635727,127.0286009
Basel,Basel-Stadt,Switzerland,47.5595986,7.5885761
Bristol,"Bristol, City of",United Kingdom,51.454513,-2.58791
Chandigarh,Chandigarh,India,30.7333148,76.7794179
Auburn,Washington,United States,47.30732279999999,-122.2284532
Union,South Carolina,United States,34.7154122,-81.623711
Bergenfield,New Jersey,United States,40.9275987,-73.9973608
Bloomington,Indiana,United States,39.165325,-86.52638569999999
Monterrey,Nuevo Leon,Mexico,25.6866142,-100.3161126
Jaipur,Rajasthan,India,26.9124336,75.7872709
Islington,Islington,United Kingdom,51.5384433,-0.1007341
Quito,Pichincha,Ecuador,-0.1806532,-78.4678382
Hamburg,Hamburg,Germany,53.5510846,9.9936819
Springfield,Massachusetts,United States,42.1014831,-72.589811
Rio De Janeiro,Rio de Janeiro,Brazil,-22.9068467,-43.1728965
Daegu,Taegu-jikhalsi,"Korea, Republic of",35.8714354,128.601445
Maple Shade,New Jersey,United States,39.9526127,-74.9923915
East Lansing,Michigan,United States,42.7369792,-84.48386540000001
Brighton,Massachusetts,United States,42.3463503,-71.1626756
Brentwood,California,United States,37.931868,-121.6957863
Green Bay,Wisconsin,United States,44.51915899999999,-88.019826
Newport,Kentucky,United States,39.091449,-84.4957757
Hackney,Hackney,United Kingdom,51.55179529999999,-0.0646437
Waco,Texas,United States,31.549333,-97.1466695
Colombo,Western,Sri Lanka,6.9270786,79.861243
Glasgow,Glasgow City,United Kingdom,55.864237,-4.251806
Urbana,Illinois,United States,40.1105875,-88.2072697
Kota Kinabalu,Sabah,Malaysia,5.980408,116.0734568
North Chicago,Illinois,United States,42.325578,-87.8411818
Ankara,Ankara,Turkey,39.9333635,32.8597419
Coventry,Coventry,United Kingdom,52.406822,-1.519693
Kalamazoo,Michigan,United States,42.2917069,-85.5872286
Provo,Utah,United States,40.2338438,-111.6585337
Nottingham,Nottingham,United Kingdom,52.95478319999999,-1.1581086
Dover,Delaware,United States,39.158168,-75.5243682
Buenos Aires,Distrito Federal,Argentina,-34.6036844,-58.3815591
Decatur,Illinois,United States,39.8403147,-88.9548001
Plainsboro,New Jersey,United States,40.3382543,-74.585292
Ludhiana,Punjab,India,30.900965,75.8572758
Makati City,Manila,Philippines,14.554729,121.0244452
Kowloon,,Hong Kong,22.3185673,114.1796057
Liverpool,Liverpool,United Kingdom,53.4083714,-2.9915726
Bayonne,New Jersey,United States,40.6687141,-74.1143091
Puebla,Puebla,Mexico,19.0414398,-98.2062727
Auburn Hills,Michigan,United States,42.6875323,-83.2341028
Almaty,Almaty City,Kazakhstan,43.2220146,76.8512485
Adelaide,South Australia,Australia,-34.9284989,138.6007456
Findlay,Ohio,United States,41.04422,-83.6499321
Minsk,Minsk,Belarus,53.90453979999999,27.5615244
Puyallup,Washington,United States,47.1853785,-122.2928974
Zagreb,Grad Zagreb,Croatia,45.8150108,15.9819189
Montclair,New Jersey,United States,40.8259007,-74.2090053
Camarillo,California,United States,34.2163937,-119.0376023
Evansville,Indiana,United States,37.9715592,-87.5710898
Iowa City,Iowa,United States,41.6611277,-91.5301683
Marion,Iowa,United States,42.033279,-91.5968958
North Liberty,Iowa,United States,41.739482,-91.60809739999999
Waterloo,Iowa,United States,42.492786,-92.34257749999999
Coralville,Iowa,United States,41.6822756,-91.5960643
Dubuque,Iowa,United States,42.5005583,-90.66457179999999
Davenport,Iowa,United States,41.5236437,-90.5776367
Robins,Iowa,United States,42.0711084,-91.6668444
West Des Moines,Iowa,United States,41.5772115,-93.711332
Pella,Iowa,United States,41.4080327,-92.91640500000001
Atkins,Iowa,United States,41.9969436,-91.86212619999999
Ankeny,Iowa,United States,41.7317884,-93.6001278
Cedar Falls,Iowa,United States,42.5348993,-92.4453161
Manchester,Iowa,United States,42.4857853,-91.4579698
Shellsburg,Iowa,United States,42.0945385,-91.8693231
Swisher,Iowa,United States,41.8458406,-91.69323200000001
Springville,Iowa,United States,42.0594453,-91.44267029999999
Independence,Iowa,United States,42.4685978,-91.8893386
Anamosa,Iowa,United States,42.1083371,-91.28515940000001
Ames,Iowa,United States,42.0307812,-93.63191309999999
Newton,Iowa,United States,41.7033177,-93.05735330000002
Solon,Iowa,United States,41.8072344,-91.4940604
West Branch,Iowa,United States,41.6714086,-91.3465521
Urbana,Iowa,United States,42.2241596,-91.8743444
Williamsburg,Iowa,United States,41.6611187,-92.0090673
Hiawatha,Iowa,United States,42.0491958,-91.6815252
Brodhead,Wisconsin,United States,42.6183424,-89.3762278
Monticello,Iowa,United States,42.23833510000001,-91.18709369999999
Urbandale,Iowa,United States,41.6266555,-93.71216559999999
Bettendorf,Iowa,United States,41.56084999999999,-90.48344
Dyersville,Iowa,United States,42.4836415,-91.1140899
Knoxville,Iowa,United States,41.320343,-93.09966999999999
Pardeeville,Wisconsin,United States,43.5377608,-89.30011739999999
Prairie Du Sac,Wisconsin,United States,43.2869331,-89.7240116
Center Point,Iowa,United States,42.1908265,-91.78517719999999
Decorah,Iowa,United States,43.30330559999999,-91.7857092
Mount Vernon,Iowa,United States,41.9219522,-91.4168371
Winthrop,Iowa,United States,42.4733189,-91.7343327
Kalona,Iowa,United States,41.4830723,-91.7060015
Grinnell,Iowa,United States,41.74340919999999,-92.7232456
Victor,Iowa,United States,41.7316675,-92.2979615
Mechanicsville,Iowa,United States,41.90279090000001,-91.2546067
Van Horne,Iowa,United States,42.0086088,-92.091016
Sioux City,Iowa,United States,42.4999942,-96.40030689999999
Keystone,Iowa,United States,41.9983294,-92.1974065
Waverly,Iowa,United States,42.7272032,-92.4668511
Muscatine,Iowa,United States,41.424473,-91.0432051
Cascade,Iowa,United States,42.2986159,-91.01486179999999
Vinton,Iowa,United States,42.1646477,-92.01856509999999
Belle Plaine,Iowa,United States,41.8955529,-92.27574039999999
Elkader,Iowa,United States,42.8538739,-91.4054159
Blairstown,Iowa,United States,41.9086563,-92.0845119
Central City,Iowa,United States,42.2038829,-91.5240561
Tipton,Iowa,United States,41.7697434,-91.1279349
Marshalltown,Iowa,United States,42.0494674,-92.90803749999999
Moline,Illinois,United States,41.5067003,-90.51513419999999
Guttenberg,Iowa,United States,42.7899897,-91.1029068
De Witt,Iowa,United States,41.8239952,-90.53896619999999
North Palm Beach,Florida,United States,26.8171165,-80.0590804
North English,Iowa,United States,41.5138978,-92.0762891
Fairfax,Iowa,United States,41.9194471,-91.7810132
Palo,Iowa,United States,42.0660485,-91.79611179999999
Wellman,Iowa,United States,41.4641806,-91.8382273
Platteville,Wisconsin,United States,42.73416,-90.4784621
Clarence,Iowa,United States,41.888907,-91.05654229999999
Evansville,Wisconsin,United States,42.7802831,-89.2992838
Council Bluffs,Iowa,United States,41.2619444,-95.8608333
Jefferson,Wisconsin,United States,43.0055594,-88.8073273
Purchase,New York,United States,41.0400135,-73.7144477
Johnston,Iowa,United States,41.6709834,-93.7130493
Dysart,Iowa,United States,42.171659,-92.3062978
Wilton,Iowa,United States,41.5889154,-91.01681789999999
Burlington,Iowa,United States,40.8076529,-91.1128901
West Liberty,Iowa,United States,41.5700231,-91.2637695
Olin,Iowa,United States,41.9980675,-91.1415456
Blanchardville,Wisconsin,United States,42.8102794,-89.8620682
Alburnett,Iowa,United States,42.1483285,-91.6185065
Clinton,Iowa,United States,41.8444735,-90.1887379
Ely,Iowa,United States,41.8736182,-91.58517499999999
Monticello,Wisconsin,United States,42.7455607,-89.5948432
Washington,Iowa,United States,41.30140770000001,-91.69164169999999
Oxford,Iowa,United States,41.7233397,-91.7906751
Mission,Texas,United States,26.2159066,-98.32529319999999
Fort Madison,Iowa,United States,40.6297634,-91.31453499999999
Monona,Iowa,United States,43.0516494,-91.38930409999999
Eldridge,Iowa,United States,41.65808639999999,-90.5845822
Tama,Iowa,United States,41.9627392,-92.576753
Riverside,Iowa,United States,41.4797413,-91.5812759
Marengo,Iowa,United States,41.7927817,-92.0696253
Charles City,Iowa,United States,43.0663612,-92.6724112
Apache Junction,Arizona,United States,33.4150485,-111.5495777
Mason City,Iowa,United States,43.1535728,-93.20103669999999
Peosta,Iowa,United States,42.4491375,-90.8504116
Clive,Iowa,United States,41.6060873,-93.77235999999999
Brooklyn,Iowa,United States,41.7315717,-92.4453638
Ottumwa,Iowa,United States,41.01602930000001,-92.40830220000001
Lowden,Iowa,United States,41.8571761,-90.92508319999999
Fort Dodge,Iowa,United States,42.4974694,-94.16801579999999
Prairie Du Chien,Wisconsin,United States,43.0516505,-91.1412404
Fairfield,Iowa,United States,41.00761139999999,-91.9636914
Rock Island,Illinois,United States,41.5094771,-90.5787476
Oxford Junction,Iowa,United States,41.9836283,-90.95625919999999
Garrison,Iowa,United States,42.1441612,-92.1437942
Oskaloosa,Iowa,United States,41.2916728,-92.6493595
Mount Pleasant,Iowa,United States,40.9716959,-91.54877139999999
Prairieburg,Iowa,United States,42.2383284,-91.4223828
Bellevue,Nebraska,United States,41.1543623,-95.9145568
Jefferson,Iowa,United States,42.0172457,-94.3774232
Nevada,Iowa,United States,42.0227184,-93.4523014
Sigourney,Iowa,United States,41.3333445,-92.20462549999999
Waukee,Iowa,United States,41.6119903,-93.8855768
Weslaco,Texas,United States,26.1595194,-97.9908366
Ladora,Iowa,United States,41.7547247,-92.18351559999999
Surprise,Arizona,United States,33.6292337,-112.3679279
Montezuma,Iowa,United States,41.585834,-92.5274091
Wyoming,Iowa,United States,42.0591801,-91.0073701
Mcallen,Texas,United States,26.2034071,-98.23001239999999
Jesup,Iowa,United States,42.47554299999999,-92.06378839999999
Martelle,Iowa,United States,42.0216714,-91.35988960000002
Spencer,Iowa,United States,43.1450748,-95.144318
Audubon,Iowa,United States,41.7180421,-94.93248679999999
Spirit Lake,Iowa,United States,43.4226192,-95.1022313
Queen Creek,Arizona,United States,33.2486638,-111.6342993
Keokuk,Iowa,United States,40.4044731,-91.3963966
Wheatland,Iowa,United States,41.83169059999999,-90.8382014
Rockwell City,Iowa,United States,42.3952576,-94.63386709999999
Clear Lake,Iowa,United States,43.1435564,-93.3788108
Lehigh Acres,Florida,United States,26.6253497,-81.6248026
Hopkins,Minnesota,United States,44.9260794,-93.4044187
Bellevue,Iowa,United States,42.25889360000001,-90.4257531
Galena,Illinois,United States,42.4166744,-90.4290168
Walker,Iowa,United States,42.2866572,-91.7807299
Keota,Iowa,United States,41.3639015,-91.9537859
La Porte City,Iowa,United States,42.3149911,-92.1921275
Sully,Iowa,United States,41.5783288,-92.8449164
Garnavillo,Iowa,United States,42.8685981,-91.2359644
Clermont,Iowa,United States,43.0035912,-91.652374
Harlan,Iowa,United States,41.653044,-95.32555409999999
Denver,Iowa,United States,42.6713718,-92.3374045
Bernard,Iowa,United States,42.3120897,-90.83028829999999
Traer,Iowa,United States,42.1936007,-92.4654688
Albia,Iowa,United States,41.0300078,-92.811307
Mountain Home,Arkansas,United States,36.3353949,-92.381346
Fountain Hills,Arizona,United States,33.6042079,-111.7256936
Gilbertville,Iowa,United States,42.4161001,-92.2149046
Postville,Iowa,United States,43.084702,-91.5682015
Spring Hill,Florida,United States,28.4831682,-82.5369872
Brighton,Iowa,United States,41.1747394,-91.81961489999999
St Louis,Missouri,United States,38.6270025,-90.19940419999999
Edinburg,Texas,United States,26.3017374,-98.1633432
South English,Iowa,United States,41.452232,-92.09045599999999
Elkhorn,Nebraska,United States,41.2831958,-96.2368465
Harlingen,Texas,United States,26.1906306,-97.69610259999999
Mobile,Alabama,United States,30.6953657,-88.0398912
Kellogg,Iowa,United States,41.7180533,-92.9077629
Toledo,Iowa,United States,41.9972134,-92.5835266
Harpers Ferry,Iowa,United States,43.2005358,-91.1531852
Mcgregor,Iowa,United States,43.0246813,-91.1812468
Grimes,Iowa,United States,41.6883646,-93.7925199
Tiffin,Iowa,United States,41.7069149,-91.6632783
Bullhead City,Arizona,United States,35.1359386,-114.5285981
Indianola,Iowa,United States,41.3580484,-93.5574376
Gulf Shores,Alabama,United States,30.2460361,-87.70081929999999
Lees Summit,Missouri,United States,38.9108408,-94.3821724
Bondurant,Iowa,United States,41.7019329,-93.4607681
Bloomington,Illinois,United States,40.4842027,-88.99368729999999
Lone Tree,Iowa,United States,41.4880775,-91.425994
Odebolt,Iowa,United States,42.31109259999999,-95.25268779999999
Lakeville,Minnesota,United States,44.6496868,-93.24271999999999
Altoona,Iowa,United States,41.6435514,-93.47508359999999
Oelwein,Iowa,United States,42.6784949,-91.91195859999999
Corpus Christi,Texas,United States,27.8005828,-97.39638099999999
Mankato,Minnesota,United States,44.1635775,-93.99939959999999
Osceola,Iowa,United States,41.0342618,-93.766759
Farley,Iowa,United States,42.4444448,-91.00513389999999
Waukon,Iowa,United States,43.2694208,-91.47569500000002
Preston,Iowa,United States,42.0502844,-90.3960275
Afton,Iowa,United States,41.0284183,-94.1975786
Ackley,Iowa,United States,42.55553400000001,-93.0529775
Madrid,Iowa,United States,41.8779511,-93.81566889999999
New Hampton,Iowa,United States,43.0592724,-92.317864
Jefferson City,Missouri,United States,38.57670170000001,-92.1735164
Clermont,Florida,United States,28.5494447,-81.77285429999999
Pleasantville,Iowa,United States,41.3869578,-93.2682683
Edgewood,Iowa,United States,42.6444313,-91.4012515
Keswick,Iowa,United States,41.4525084,-92.23934849999999
Webster City,Iowa,United States,42.4694321,-93.8159149
San Benito,Texas,United States,26.132576,-97.6311006
Greenwood,Indiana,United States,39.6136578,-86.10665259999999
Monroe,Iowa,United States,41.5208256,-93.1038129
Duncannon,Pennsylvania,United States,40.3981415,-77.0230334
Maple Grove,Minnesota,United States,45.0724642,-93.4557877
Donna,Texas,United States,26.1703525,-98.05194999999999
Boone,Iowa,United States,42.0597047,-93.8802273
Warrenville,Illinois,United States,41.81780699999999,-88.17340209999999
Ossian,Iowa,United States,43.145809,-91.7632108
Bentonville,Arkansas,United States,36.3728538,-94.2088172
North Las Vegas,Nevada,United States,36.1988592,-115.1175013
Wildwood,Florida,United States,28.865264,-82.03897429999999
Cheyenne,Wyoming,United States,41.1399814,-104.8202462
North Fort Myers,Florida,United States,26.6672935,-81.8800861
Winter Haven,Florida,United States,28.0222435,-81.7328567
Buckeye,Arizona,United States,33.3703197,-112.5837766
Lake View,Iowa,United States,42.3116499,-95.05332399999999
Fairbank,Iowa,United States,42.6391512,-92.0471199
Eden Prairie,Minnesota,United States,44.8546856,-93.47078599999999
Earlville,Iowa,United States,42.4808256,-91.2709737
Wapello,Iowa,United States,41.18141929999999,-91.1854273
Maxwell,Iowa,United States,41.8919322,-93.39965459999999
Gold Canyon,Arizona,United States,33.3593407,-111.4500302
Krum,Texas,United States,33.2615068,-97.2380725
Carroll,Iowa,United States,42.0655986,-94.86727929999999
Green Valley,Arizona,United States,31.8542511,-110.9937019
Wappapello,Missouri,United States,36.934983,-90.2737423
Casa Grande,Arizona,United States,32.9110027,-111.7733902
Sun City,Arizona,United States,33.5975393,-112.2718239
Murfreesboro,Tennessee,United States,35.8456213,-86.39027
Largo,Florida,United States,27.9094665,-82.7873244
Beverly Hills,California,United States,34.0736204,-118.4003563
Pomeroy,Iowa,United States,42.5510885,-94.68386869999999
Punta Gorda,Florida,United States,26.9297836,-82.0453664
Winfield,Iowa,United States,41.123083,-91.44126829999999
Maquoketa,Iowa,United States,42.0689088,-90.6656914
Loveland,Colorado,United States,40.3977612,-105.0749801
Storm Lake,Iowa,United States,42.6430359,-95.2019399
Geneva,Illinois,United States,41.8875281,-88.3053525
Lost Nation,Iowa,United States,41.9639095,-90.8176431
Creston,Iowa,United States,41.0586002,-94.3613474
Augusta,Georgia,United States,33.4734978,-82.0105148
Grundy Center,Iowa,United States,42.3616501,-92.7685327
Parrish,Florida,United States,27.5875357,-82.4250941
Winona,Minnesota,United States,44.0553908,-91.6663523
Apalachicola,Florida,United States,29.7257675,-84.9832435
Red Oak,Iowa,United States,41.0170937,-95.2214477
Fort Calhoun,Nebraska,United States,41.4558282,-96.0264024
Story City,Iowa,United States,42.1871601,-93.5955532
Clarinda,Iowa,United States,40.7419352,-95.038313
Le Mars,Iowa,United States,42.79415669999999,-96.1655778
Hawkeye,Iowa,United States,42.9385894,-91.95016869999999
Marco Island,Florida,United States,25.9397412,-81.70753549999999
Prior Lake,Minnesota,United States,44.7132969,-93.4227274
Lisbon,Iowa,United States,41.9211198,-91.3854466
Dekalb,Illinois,United States,41.9294736,-88.75036469999999
Waukesha,Wisconsin,United States,43.0116784,-88.2314813
Duluth,Minnesota,United States,46.78667189999999,-92.1004852
Seminole,Florida,United States,27.8397466,-82.79121339999999
Centerville,Iowa,United States,40.7290565,-92.8738196
Leander,Texas,United States,30.5788055,-97.8530686
Winnebago,Illinois,United States,42.2661311,-89.2412202
New Sharon,Iowa,United States,41.46666829999999,-92.64741289999999
Barrington,Illinois,United States,42.1539141,-88.1361888
Mingo,Iowa,United States,41.76748810000001,-93.28353919999999
Manhattan,Kansas,United States,39.18360819999999,-96.57166939999999
Glen Rose,Texas,United States,32.2345872,-97.7553061
La Crosse,Wisconsin,United States,43.8013556,-91.23958069999999
Drums,Pennsylvania,United States,41.018139,-75.9949252
Epworth,Iowa,United States,42.4450016,-90.9320766
North Port,Florida,United States,27.044224,-82.2359254
Cresco,Iowa,United States,43.3813568,-92.1140547
Worthington,Iowa,United States,42.3963877,-91.1198617
Park Forest,Illinois,United States,41.4914236,-87.6744891
Chaska,Minnesota,United States,44.7893446,-93.60183889999999
Camdenton,Missouri,United States,38.0080902,-92.7446289
Glen Ellyn,Illinois,United States,41.8775293,-88.0670118
Keosauqua,Iowa,United States,40.7303057,-91.96239489999999
Owasso,Oklahoma,United States,36.2695388,-95.8547119
Springfield,Illinois,United States,39.78172130000001,-89.6501481
Hedrick,Iowa,United States,41.1725134,-92.30879449999999
Fremont,Nebraska,United States,41.4333909,-96.49814669999999
Missouri Valley,Iowa,United States,41.5563713,-95.8877767
Temecula,California,United States,33.4936391,-117.1483648
Reinbeck,Iowa,United States,42.323597,-92.5993615
Arlington,Iowa,United States,42.7491501,-91.6712663
Brownsville,Texas,United States,25.9017472,-97.4974838
Columbus Junction,Iowa,United States,41.2786364,-91.3598775
Lansing,Iowa,United States,43.3609053,-91.218768
Norway,Iowa,United States,41.9027805,-91.9215691
Crawfordsville,Iowa,United States,41.2139905,-91.5387401
Manning,Iowa,United States,41.9091382,-95.0651328
Lenexa,Kansas,United States,38.9536174,-94.73357089999999
Somerset,New Jersey,United States,40.497604,-74.48848679999999
Humboldt,Iowa,United States,42.7208047,-94.2152402
Bedford,Texas,United States,32.844017,-97.1430671
Ponoka,Alberta,Canada,52.675914,-113.5832367
Prince George,British Columbia,Canada,53.9170641,-122.7496693
Langley,British Columbia,Canada,49.1041779,-122.6603519
Frankfurt,Hessen,Germany,50.1109221,8.6821267
Cochrane,Alberta,Canada,51.1909883,-114.4678603
Hope Mills,North Carolina,United States,34.9704419,-78.9453056
Raeford,North Carolina,United States,34.9809995,-79.2241997
Sanford,North Carolina,United States,35.4798757,-79.1802994
Holly Springs,North Carolina,United States,35.6512655,-78.8336218
Lumberton,North Carolina,United States,34.6182199,-79.0086424
Fort Bragg,North Carolina,United States,35.1414552,-79.0079949
Clayton,North Carolina,United States,35.650711,-78.4563914
Spring Lake,North Carolina,United States,35.1679395,-78.97280560000002
Angier,North Carolina,United States,35.5071044,-78.7391813
Lillington,North Carolina,United States,35.39932700000001,-78.8158528
Benson,North Carolina,United States,35.3821067,-78.54862100000001
Pinehurst,North Carolina,United States,35.1954345,-79.4694767
Dunn,North Carolina,United States,35.3062743,-78.6089028
Laurinburg,North Carolina,United States,34.7740494,-79.46282479999999
Greenville,North Carolina,United States,35.612661,-77.3663538
Roseboro,North Carolina,United States,34.9529475,-78.50861809999999
Red Springs,North Carolina,United States,34.81516330000001,-79.18309099999999
Southern Pines,North Carolina,United States,35.1740471,-79.3922539
Cameron,North Carolina,United States,35.3268226,-79.255303
Clinton,North Carolina,United States,34.9979453,-78.32333249999999
Rocky Mount,North Carolina,United States,35.9382103,-77.7905339
Vass,North Carolina,United States,35.2562684,-79.2822491
Elizabethtown,North Carolina,United States,34.6293372,-78.6052899
Pittsboro,North Carolina,United States,35.7201463,-79.1772371
Asheboro,North Carolina,United States,35.7079146,-79.8136446
Monroe,North Carolina,United States,34.9854275,-80.5495112
Four Oaks,North Carolina,United States,35.4448836,-78.4269489
Trinity,North Carolina,United States,35.894581,-79.9908729
Liberty,North Carolina,United States,35.8534705,-79.5716903
Siler City,North Carolina,United States,35.7234734,-79.4622431
Matthews,North Carolina,United States,35.1168131,-80.72368039999999
Salisbury,North Carolina,United States,35.6709727,-80.4742261
Smithfield,North Carolina,United States,35.5084935,-78.3394455
Garner,North Carolina,United States,35.7112642,-78.61417089999999
Biscoe,North Carolina,United States,35.3598924,-79.7797617
Robbins,North Carolina,United States,35.4340339,-79.5869735
Autryville,North Carolina,United States,34.9979453,-78.6425144
Ocean Isle Beach,North Carolina,United States,33.8943393,-78.426672
Fuquay Varina,North Carolina,United States,35.5843235,-78.80001279999999
Bunnlevel,North Carolina,United States,35.3096063,-78.78029939999999
Wilson,North Carolina,United States,35.7212689,-77.9155395
Murrells Inlet,South Carolina,United States,33.5510021,-79.0414261
Rockwell,North Carolina,United States,35.5512508,-80.4064485
Kenly,North Carolina,United States,35.5962702,-78.1241591
Stedman,North Carolina,United States,35.0134999,-78.6939063
Whiteville,North Carolina,United States,34.3387802,-78.7030721
Oakboro,North Carolina,United States,35.2257007,-80.3289521
Rockingham,North Carolina,United States,34.9393201,-79.7739457
Hillsborough,North Carolina,United States,36.0754183,-79.0997347
High Point,North Carolina,United States,35.9556923,-80.0053176
Indian Trail,North Carolina,United States,35.0768141,-80.6692352
Arezzo,Toscana,Italy,43.46328390000001,11.8796336
Carthage,North Carolina,United States,35.3459867,-79.4169711
Bladenboro,North Carolina,United States,34.5387799,-78.78752089999999
Southport,North Carolina,United States,33.921563,-78.02026769999999
West End,North Carolina,United States,35.2399843,-79.5671837
Hampstead,North Carolina,United States,34.3675936,-77.71054819999999
Sophia,North Carolina,United States,35.823192,-79.8608677
Winterville,North Carolina,United States,35.529051,-77.40107619999999
